Loss,Accuracy,Validation Loss,Validation Accuracy
Sigmoid
Loss,1.3267699480056763,1.0543878078460693
Accuracy,0.328939288854599,0.4987124502658844
Val_Loss,1.5050674676895142,0.3253842890262604
Val_Accuracy,0.20657113194465637,0.9126179814338684
