Loss,Accuracy,Validation Loss,Validation Accuracy
Sigmoid
1.3464409112930298,1.3295490741729736
Relu
0.9835530519485474,0.17051567137241364
Sigmoid
